{
  "project_info": {
    "project_number": "248348589756",
    "project_id": "room-booking-app-fe529",
    "storage_bucket": "room-booking-app-fe529.appspot.com"
  },
  "client": [
    {
      "client_info": {
        "mobilesdk_app_id": "1:248348589756:android:b0b9bffc51b1e2efd21ab9",
        "android_client_info": {
          "package_name": "com.example.room_booking_app"
        }
      },
      "oauth_client": [],
      "api_key": [
        {
          "current_key": "AIzaSyDHuuqtlFL0JLKnDyYomVaP1SF57CPga2Y"
        }
      ],
      "services": {
        "appinvite_service": {
          "other_platform_oauth_client": []
        }
      }
    }
  ],
  "configuration_version": "1"
}